AskMen,AskWomen,701.0
AskMen,malefashionadvice,122.0
AskMen,TwoXChromosomes,106.0
AskMen,sex,326.0
AskMen,relationships,246.0
AskMen,Fitness,162.0
AskMen,bodybuilding,55.0
AskMen,relationship_advice,120.0
AskMen,Frugal,113.0
AskMen,personalfinance,87.0
AskMen,TrollXChromosomes,71.0
AskMen,MakeupAddiction,67.0
AskMen,SkincareAddiction,40.0
AskMen,cats,51.0
AskMen,FancyFollicles,36.0
AskMen,loseit,91.0
AskMen,progresspics,65.0
AskMen,confession,108.0
AskMen,offmychest,170.0
AskMen,Cooking,56.0
AskMen,food,44.0
AskMen,LifeProTips,105.0
AskMen,creepyPMs,70.0
AskMen,TalesFromRetail,66.0
AskMen,pettyrevenge,61.0
AskMen,femalefashionadvice,40.0
AskMen,FoodPorn,54.0
AskMen,keto,53.0
AskMen,fatpeoplestories,88.0
AskMen,amiugly,82.0
AskMen,LadyBoners,46.0
AskMen,gainit,43.0
AskMen,BuyItForLife,43.0
AskMen,DIY,77.0
AskMen,TheRedPill,123.0
AskMen,GetMotivated,100.0
AskMen,running,37.0
AskMen,lifehacks,50.0
AskMen,self,89.0
AskMen,EatCheapAndHealthy,42.0
AskMen,Parenting,64.0
AskMen,childfree,64.0
AskMen,minimalism,37.0
AskMen,OkCupid,90.0
AskMen,seduction,81.0
AskMen,depression,37.0
AskMen,tattoos,39.0
AskMen,travel,37.0
AskMen,everymanshouldknow,59.0
AskMen,NoFap,37.0
AskMen,socialskills,64.0
AskMen,tall,54.0
AskMen,jobs,43.0
AskMen,IWantToLearn,35.0
AskMen,howtonotgiveafuck,42.0
AskMen,OneY,42.0
AskMen,ForeverAlone,40.0
AskWomen,malefashionadvice,42.0
AskWomen,TwoXChromosomes,372.0
AskWomen,sex,347.0
AskWomen,relationships,304.0
AskWomen,Fitness,71.0
AskWomen,relationship_advice,149.0
AskWomen,Frugal,118.0
AskWomen,personalfinance,59.0
AskWomen,TrollXChromosomes,254.0
AskWomen,MakeupAddiction,233.0
AskWomen,SkincareAddiction,110.0
AskWomen,cats,100.0
AskWomen,FancyFollicles,126.0
AskWomen,loseit,124.0
AskWomen,progresspics,84.0
AskWomen,confession,111.0
AskWomen,offmychest,214.0
AskWomen,Cooking,61.0
AskWomen,food,59.0
AskWomen,LifeProTips,111.0
AskWomen,creepyPMs,137.0
AskWomen,TalesFromRetail,99.0
AskWomen,pettyrevenge,76.0
AskWomen,femalefashionadvice,197.0
AskWomen,RedditLaqueristas,93.0
AskWomen,FoodPorn,50.0
AskWomen,keto,42.0
AskWomen,fatpeoplestories,59.0
AskWomen,amiugly,62.0
AskWomen,LadyBoners,157.0
AskWomen,TheGirlSurvivalGuide,153.0
AskWomen,DIY,54.0
AskWomen,xxfitness,115.0
AskWomen,GetMotivated,51.0
AskWomen,running,47.0
AskWomen,lifehacks,35.0
AskWomen,recipes,51.0
AskWomen,lgbt,45.0
AskWomen,self,92.0
AskWomen,EatCheapAndHealthy,68.0
AskWomen,Parenting,108.0
AskWomen,childfree,106.0
AskWomen,OkCupid,93.0
AskWomen,BDSMcommunity,37.0
AskWomen,dogpictures,39.0
AskWomen,dogs,50.0
AskWomen,slowcooking,35.0
AskWomen,depression,44.0
AskWomen,vegetarian,46.0
AskWomen,tattoos,48.0
AskWomen,somethingimade,35.0
AskWomen,travel,38.0
AskWomen,socialskills,45.0
AskWomen,tall,64.0
AskWomen,jobs,37.0
AskWomen,actuallesbians,46.0
AskWomen,ladybonersgw,43.0
AskWomen,Feminism,47.0
AskWomen,howtonotgiveafuck,37.0
AskWomen,happy,44.0
AskWomen,knitting,39.0
AskWomen,introvert,41.0
frugalmalefashion,malefashionadvice,474.0
malefashionadvice,sex,77.0
malefashionadvice,personalfinance,56.0
malefashionadvice,progresspics,36.0
malefashionadvice,minimalism,69.0
malefashionadvice,seduction,56.0
malefashionadvice,travel,42.0
malefashionadvice,malelivingspace,52.0
malefashionadvice,malehairadvice,46.0
malefashionadvice,malelifestyle,35.0
TwoXChromosomes,sex,180.0
TwoXChromosomes,relationships,172.0
TwoXChromosomes,relationship_advice,99.0
TwoXChromosomes,personalfinance,63.0
TwoXChromosomes,cats,64.0
TwoXChromosomes,loseit,95.0
TwoXChromosomes,progresspics,53.0
TwoXChromosomes,confession,61.0
TwoXChromosomes,offmychest,116.0
TwoXChromosomes,food,72.0
TwoXChromosomes,creepyPMs,76.0
TwoXChromosomes,pettyrevenge,40.0
TwoXChromosomes,femalefashionadvice,120.0
TwoXChromosomes,keto,35.0
TwoXChromosomes,fatpeoplestories,53.0
TwoXChromosomes,xxfitness,106.0
TwoXChromosomes,recipes,40.0
TwoXChromosomes,lgbt,49.0
TwoXChromosomes,self,79.0
TwoXChromosomes,childfree,109.0
TwoXChromosomes,dogs,46.0
TwoXChromosomes,depression,43.0
TwoXChromosomes,vegetarian,37.0
TwoXChromosomes,actuallesbians,49.0
TwoXChromosomes,knitting,41.0
sex,xxfitness,36.0
sex,tattoos,59.0
sex,socialskills,37.0
relationships,sex,307.0
relationships,xxfitness,41.0
relationships,self,76.0
relationships,seduction,39.0
Fitness,frugalmalefashion,52.0
Fitness,malefashionadvice,134.0
Fitness,sex,107.0
Fitness,relationships,73.0
Fitness,bodybuilding,296.0
Fitness,relationship_advice,41.0
Fitness,Frugal,95.0
Fitness,personalfinance,83.0
Fitness,MakeupAddiction,40.0
Fitness,SkincareAddiction,37.0
Fitness,loseit,139.0
Fitness,progresspics,99.0
Fitness,offmychest,56.0
Fitness,food,71.0
Fitness,LifeProTips,114.0
Fitness,weightroom,190.0
Fitness,FoodPorn,42.0
Fitness,keto,45.0
Fitness,fatpeoplestories,77.0
Fitness,gainit,156.0
Fitness,xxfitness,136.0
Fitness,TheRedPill,57.0
Fitness,GetMotivated,134.0
Fitness,running,129.0
Fitness,lifehacks,38.0
Fitness,swoleacceptance,117.0
Fitness,self,46.0
Fitness,bodyweightfitness,104.0
Fitness,minimalism,42.0
Fitness,OkCupid,37.0
Fitness,seduction,75.0
Fitness,leangains,81.0
Fitness,travel,43.0
Fitness,fitmeals,72.0
Fitness,everymanshouldknow,60.0
Fitness,getdisciplined,64.0
Fitness,NoFap,48.0
Fitness,socialskills,47.0
Fitness,nutrition,59.0
Fitness,Paleo,53.0
Fitness,crossfit,46.0
Fitness,howtonotgiveafuck,35.0
bodybuilding,malefashionadvice,52.0
bodybuilding,progresspics,42.0
bodybuilding,weightroom,140.0
bodybuilding,gainit,82.0
bodybuilding,swoleacceptance,70.0
bodybuilding,leangains,41.0
relationship_advice,sex,142.0
relationship_advice,relationships,291.0
relationship_advice,self,53.0
Frugal,frugalmalefashion,39.0
Frugal,malefashionadvice,75.0
Frugal,TwoXChromosomes,105.0
Frugal,sex,127.0
Frugal,relationships,96.0
Frugal,relationship_advice,54.0
Frugal,personalfinance,282.0
Frugal,TrollXChromosomes,52.0
Frugal,MakeupAddiction,64.0
Frugal,SkincareAddiction,68.0
Frugal,cats,64.0
Frugal,loseit,79.0
Frugal,confession,44.0
Frugal,offmychest,81.0
Frugal,food,95.0
Frugal,LifeProTips,205.0
Frugal,TalesFromRetail,67.0
Frugal,pettyrevenge,72.0
Frugal,femalefashionadvice,47.0
Frugal,keto,59.0
Frugal,fatpeoplestories,47.0
Frugal,LadyBoners,36.0
Frugal,TheGirlSurvivalGuide,48.0
Frugal,financialindependence,73.0
Frugal,woodworking,36.0
Frugal,xxfitness,38.0
Frugal,GetMotivated,67.0
Frugal,running,46.0
Frugal,lifehacks,81.0
Frugal,recipes,59.0
Frugal,self,92.0
Frugal,Parenting,108.0
Frugal,childfree,47.0
Frugal,minimalism,94.0
Frugal,OkCupid,35.0
Frugal,dogs,52.0
Frugal,slowcooking,69.0
Frugal,vegetarian,41.0
Frugal,somethingimade,37.0
Frugal,travel,49.0
Frugal,budgetfood,75.0
Frugal,everymanshouldknow,46.0
Frugal,getdisciplined,40.0
Frugal,howto,55.0
Frugal,jobs,61.0
Frugal,gardening,58.0
Frugal,IWantToLearn,55.0
Frugal,TinyHouses,53.0
Frugal,Pets,36.0
Frugal,ThriftStoreHauls,48.0
Frugal,foodhacks,41.0
Frugal,Survival,35.0
Frugal,UpliftingNews,38.0
Frugal,homestead,46.0
Frugal,TheBestOfAmazon,45.0
Frugal,answers,37.0
Frugal,beermoney,36.0
personalfinance,sex,74.0
personalfinance,relationships,81.0
personalfinance,running,37.0
personalfinance,self,35.0
personalfinance,slowcooking,36.0
personalfinance,travel,40.0
TrollXChromosomes,TwoXChromosomes,259.0
TrollXChromosomes,sex,87.0
TrollXChromosomes,relationships,69.0
TrollXChromosomes,cats,68.0
TrollXChromosomes,loseit,59.0
TrollXChromosomes,progresspics,51.0
TrollXChromosomes,confession,43.0
TrollXChromosomes,offmychest,72.0
TrollXChromosomes,food,49.0
TrollXChromosomes,creepyPMs,96.0
TrollXChromosomes,pettyrevenge,42.0
TrollXChromosomes,femalefashionadvice,72.0
TrollXChromosomes,fatpeoplestories,50.0
TrollXChromosomes,xxfitness,53.0
TrollXChromosomes,childfree,61.0
TrollXChromosomes,actuallesbians,41.0
MakeupAddiction,TwoXChromosomes,210.0
MakeupAddiction,sex,111.0
MakeupAddiction,relationships,111.0
MakeupAddiction,relationship_advice,42.0
MakeupAddiction,TrollXChromosomes,202.0
MakeupAddiction,SkincareAddiction,251.0
MakeupAddiction,cats,101.0
MakeupAddiction,loseit,114.0
MakeupAddiction,progresspics,103.0
MakeupAddiction,confession,62.0
MakeupAddiction,offmychest,98.0
MakeupAddiction,food,54.0
MakeupAddiction,creepyPMs,74.0
MakeupAddiction,TalesFromRetail,56.0
MakeupAddiction,femalefashionadvice,192.0
MakeupAddiction,RedditLaqueristas,190.0
MakeupAddiction,keto,39.0
MakeupAddiction,fatpeoplestories,61.0
MakeupAddiction,TheGirlSurvivalGuide,105.0
MakeupAddiction,xxfitness,73.0
MakeupAddiction,self,36.0
MakeupAddiction,Parenting,62.0
MakeupAddiction,childfree,66.0
MakeupAddiction,dogs,47.0
MakeupAddiction,tattoos,61.0
MakeupAddiction,somethingimade,35.0
SkincareAddiction,TwoXChromosomes,94.0
SkincareAddiction,sex,54.0
SkincareAddiction,relationships,53.0
SkincareAddiction,TrollXChromosomes,57.0
SkincareAddiction,loseit,52.0
SkincareAddiction,offmychest,35.0
SkincareAddiction,femalefashionadvice,109.0
SkincareAddiction,TheGirlSurvivalGuide,82.0
SkincareAddiction,xxfitness,44.0
cats,sex,67.0
cats,relationships,63.0
cats,loseit,60.0
cats,progresspics,46.0
cats,offmychest,81.0
cats,food,70.0
cats,creepyPMs,52.0
cats,pettyrevenge,46.0
cats,fatpeoplestories,47.0
cats,lifehacks,35.0
cats,self,47.0
cats,childfree,66.0
cats,dogpictures,39.0
cats,tattoos,37.0
cats,gardening,37.0
FancyFollicles,TwoXChromosomes,90.0
FancyFollicles,sex,54.0
FancyFollicles,relationships,56.0
FancyFollicles,TrollXChromosomes,98.0
FancyFollicles,MakeupAddiction,224.0
FancyFollicles,SkincareAddiction,94.0
FancyFollicles,cats,39.0
FancyFollicles,loseit,55.0
FancyFollicles,progresspics,40.0
FancyFollicles,offmychest,41.0
FancyFollicles,femalefashionadvice,87.0
FancyFollicles,RedditLaqueristas,92.0
FancyFollicles,FoodPorn,39.0
FancyFollicles,LadyBoners,57.0
FancyFollicles,TheGirlSurvivalGuide,59.0
FancyFollicles,childfree,35.0
FancyFollicles,tattoos,39.0
loseit,malefashionadvice,36.0
loseit,sex,79.0
loseit,relationships,87.0
loseit,relationship_advice,49.0
loseit,progresspics,216.0
loseit,offmychest,78.0
loseit,pettyrevenge,37.0
loseit,xxfitness,103.0
loseit,running,36.0
progresspics,sex,46.0
progresspics,relationships,51.0
progresspics,xxfitness,72.0
progresspics,tattoos,40.0
confession,sex,124.0
confession,relationships,141.0
confession,relationship_advice,92.0
confession,loseit,46.0
confession,offmychest,215.0
confession,food,36.0
confession,creepyPMs,53.0
confession,pettyrevenge,55.0
confession,fatpeoplestories,41.0
confession,self,67.0
offmychest,sex,177.0
offmychest,relationships,183.0
offmychest,relationship_advice,107.0
offmychest,personalfinance,42.0
offmychest,progresspics,59.0
offmychest,pettyrevenge,110.0
offmychest,self,114.0
offmychest,tattoos,46.0
offmychest,socialskills,39.0
Cooking,malefashionadvice,57.0
Cooking,TwoXChromosomes,53.0
Cooking,sex,65.0
Cooking,relationships,59.0
Cooking,Fitness,67.0
Cooking,Frugal,117.0
Cooking,personalfinance,53.0
Cooking,MakeupAddiction,47.0
Cooking,loseit,50.0
Cooking,offmychest,38.0
Cooking,food,211.0
Cooking,LifeProTips,84.0
Cooking,FoodPorn,100.0
Cooking,DIY,88.0
Cooking,lifehacks,43.0
Cooking,recipes,122.0
Cooking,self,43.0
Cooking,EatCheapAndHealthy,56.0
Cooking,Parenting,40.0
Cooking,slowcooking,84.0
Cooking,travel,41.0
Cooking,budgetfood,49.0
Cooking,fitmeals,37.0
Cooking,gardening,53.0
Cooking,eatsandwiches,45.0
Cooking,foodhacks,40.0
Cooking,Pizza,39.0
food,malefashionadvice,55.0
food,sex,76.0
food,relationships,55.0
food,loseit,40.0
food,offmychest,57.0
food,pettyrevenge,39.0
food,recipes,76.0
food,self,59.0
food,slowcooking,61.0
food,travel,44.0
food,gardening,35.0
food,foodhacks,48.0
food,tonightsdinner,40.0
LifeProTips,frugalmalefashion,35.0
LifeProTips,malefashionadvice,90.0
LifeProTips,TwoXChromosomes,66.0
LifeProTips,sex,113.0
LifeProTips,relationships,64.0
LifeProTips,personalfinance,86.0
LifeProTips,MakeupAddiction,56.0
LifeProTips,SkincareAddiction,41.0
LifeProTips,cats,82.0
LifeProTips,loseit,69.0
LifeProTips,confession,48.0
LifeProTips,offmychest,77.0
LifeProTips,food,84.0
LifeProTips,creepyPMs,35.0
LifeProTips,TalesFromRetail,55.0
LifeProTips,pettyrevenge,86.0
LifeProTips,keto,38.0
LifeProTips,fatpeoplestories,50.0
LifeProTips,TheRedPill,37.0
LifeProTips,lifehacks,125.0
LifeProTips,recipes,44.0
LifeProTips,self,74.0
LifeProTips,Parenting,56.0
LifeProTips,childfree,57.0
LifeProTips,minimalism,40.0
LifeProTips,slowcooking,44.0
LifeProTips,somethingimade,35.0
LifeProTips,travel,51.0
LifeProTips,everymanshouldknow,70.0
LifeProTips,getdisciplined,42.0
LifeProTips,socialskills,39.0
LifeProTips,howto,49.0
LifeProTips,jobs,37.0
LifeProTips,foodhacks,36.0
LifeProTips,UpliftingNews,41.0
LifeProTips,howtonotgiveafuck,38.0
LifeProTips,introvert,35.0
LifeProTips,answers,40.0
creepyPMs,sex,72.0
creepyPMs,relationships,80.0
creepyPMs,loseit,43.0
creepyPMs,offmychest,82.0
creepyPMs,pettyrevenge,46.0
creepyPMs,fatpeoplestories,71.0
creepyPMs,self,40.0
TalesFromRetail,TwoXChromosomes,67.0
TalesFromRetail,sex,68.0
TalesFromRetail,relationships,60.0
TalesFromRetail,TrollXChromosomes,47.0
TalesFromRetail,cats,54.0
TalesFromRetail,loseit,39.0
TalesFromRetail,confession,50.0
TalesFromRetail,offmychest,92.0
TalesFromRetail,food,39.0
TalesFromRetail,creepyPMs,65.0
TalesFromRetail,pettyrevenge,203.0
TalesFromRetail,fatpeoplestories,138.0
TalesFromRetail,childfree,94.0
pettyrevenge,sex,56.0
pettyrevenge,relationships,71.0
pettyrevenge,self,43.0
femalefashionadvice,malefashionadvice,86.0
femalefashionadvice,sex,60.0
femalefashionadvice,relationships,59.0
femalefashionadvice,loseit,47.0
femalefashionadvice,progresspics,45.0
femalefashionadvice,xxfitness,102.0
RedditLaqueristas,TwoXChromosomes,71.0
RedditLaqueristas,sex,40.0
RedditLaqueristas,relationships,41.0
RedditLaqueristas,TrollXChromosomes,87.0
RedditLaqueristas,SkincareAddiction,57.0
RedditLaqueristas,cats,54.0
RedditLaqueristas,offmychest,35.0
RedditLaqueristas,femalefashionadvice,36.0
RedditLaqueristas,TheGirlSurvivalGuide,43.0
FoodPorn,malefashionadvice,40.0
FoodPorn,TwoXChromosomes,35.0
FoodPorn,sex,66.0
FoodPorn,Frugal,41.0
FoodPorn,TrollXChromosomes,42.0
FoodPorn,MakeupAddiction,59.0
FoodPorn,cats,59.0
FoodPorn,progresspics,41.0
FoodPorn,offmychest,44.0
FoodPorn,food,183.0
FoodPorn,LifeProTips,66.0
FoodPorn,LadyBoners,41.0
FoodPorn,GetMotivated,46.0
FoodPorn,lifehacks,37.0
FoodPorn,recipes,48.0
FoodPorn,slowcooking,45.0
FoodPorn,tattoos,38.0
FoodPorn,eatsandwiches,57.0
FoodPorn,foodhacks,44.0
keto,sex,52.0
keto,personalfinance,35.0
keto,loseit,106.0
keto,progresspics,78.0
keto,offmychest,43.0
keto,ketorecipes,176.0
ketorecipes,loseit,43.0
fatpeoplestories,sex,69.0
fatpeoplestories,relationships,78.0
fatpeoplestories,loseit,69.0
fatpeoplestories,progresspics,51.0
fatpeoplestories,offmychest,75.0
fatpeoplestories,pettyrevenge,101.0
fatpeoplestories,keto,48.0
fatpeoplestories,xxfitness,35.0
AmISexy,AskMen,48.0
AmISexy,sex,37.0
AmISexy,amiugly,167.0
amiugly,sex,48.0
amiugly,relationships,47.0
amiugly,progresspics,39.0
amiugly,confession,45.0
amiugly,offmychest,50.0
amiugly,creepyPMs,36.0
gaybros,gaymers,157.0
gaybros,lgbt,97.0
gaybros,ladybonersgw,36.0
gaymers,lgbt,52.0
LadyBoners,TwoXChromosomes,93.0
LadyBoners,sex,56.0
LadyBoners,relationships,48.0
LadyBoners,TrollXChromosomes,121.0
LadyBoners,MakeupAddiction,147.0
LadyBoners,SkincareAddiction,45.0
LadyBoners,cats,74.0
LadyBoners,loseit,43.0
LadyBoners,progresspics,42.0
LadyBoners,offmychest,52.0
LadyBoners,food,37.0
LadyBoners,creepyPMs,37.0
LadyBoners,femalefashionadvice,38.0
LadyBoners,RedditLaqueristas,52.0
LadyBoners,lgbt,35.0
LadyBoners,childfree,37.0
LadyBoners,tattoos,37.0
LadyBoners,ladybonersgw,47.0
gainit,malefashionadvice,39.0
gainit,weightroom,43.0
BuyItForLife,frugalmalefashion,53.0
BuyItForLife,malefashionadvice,83.0
BuyItForLife,Fitness,47.0
BuyItForLife,Frugal,155.0
BuyItForLife,personalfinance,76.0
BuyItForLife,Cooking,61.0
BuyItForLife,LifeProTips,95.0
BuyItForLife,DIY,89.0
BuyItForLife,woodworking,41.0
BuyItForLife,CampingandHiking,41.0
BuyItForLife,minimalism,47.0
BuyItForLife,travel,35.0
BuyItForLife,EDC,57.0
BuyItForLife,everymanshouldknow,36.0
BuyItForLife,IWantToLearn,36.0
TheGirlSurvivalGuide,TwoXChromosomes,112.0
TheGirlSurvivalGuide,sex,46.0
TheGirlSurvivalGuide,relationships,48.0
TheGirlSurvivalGuide,TrollXChromosomes,75.0
TheGirlSurvivalGuide,offmychest,37.0
TheGirlSurvivalGuide,femalefashionadvice,80.0
TheGirlSurvivalGuide,xxfitness,66.0
financialindependence,personalfinance,150.0
DIY,malefashionadvice,56.0
DIY,TwoXChromosomes,44.0
DIY,sex,73.0
DIY,relationships,47.0
DIY,Fitness,63.0
DIY,Frugal,146.0
DIY,personalfinance,87.0
DIY,TrollXChromosomes,37.0
DIY,MakeupAddiction,45.0
DIY,cats,62.0
DIY,loseit,50.0
DIY,progresspics,45.0
DIY,confession,40.0
DIY,offmychest,61.0
DIY,food,95.0
DIY,LifeProTips,112.0
DIY,FoodPorn,50.0
DIY,keto,46.0
DIY,fatpeoplestories,38.0
DIY,woodworking,150.0
DIY,GetMotivated,48.0
DIY,lifehacks,64.0
DIY,recipes,39.0
DIY,self,55.0
DIY,EatCheapAndHealthy,39.0
DIY,Parenting,53.0
DIY,childfree,36.0
DIY,minimalism,59.0
DIY,slowcooking,36.0
DIY,tattoos,38.0
DIY,HomeImprovement,80.0
DIY,somethingimade,79.0
DIY,EDC,45.0
DIY,everymanshouldknow,44.0
DIY,howto,64.0
DIY,gardening,61.0
TheRedPill,sex,63.0
TheRedPill,relationships,69.0
TheRedPill,relationship_advice,47.0
TheRedPill,confession,37.0
TheRedPill,seduction,86.0
GetMotivated,malefashionadvice,65.0
GetMotivated,sex,60.0
GetMotivated,relationships,42.0
GetMotivated,bodybuilding,47.0
GetMotivated,personalfinance,47.0
GetMotivated,TrollXChromosomes,43.0
GetMotivated,MakeupAddiction,35.0
GetMotivated,cats,54.0
GetMotivated,loseit,68.0
GetMotivated,progresspics,56.0
GetMotivated,confession,40.0
GetMotivated,offmychest,60.0
GetMotivated,food,47.0
GetMotivated,LifeProTips,88.0
GetMotivated,fatpeoplestories,35.0
GetMotivated,TheRedPill,37.0
GetMotivated,running,35.0
GetMotivated,lifehacks,39.0
GetMotivated,self,38.0
GetMotivated,minimalism,42.0
GetMotivated,seduction,44.0
GetMotivated,everymanshouldknow,42.0
GetMotivated,getdisciplined,70.0
GetMotivated,NoFap,68.0
GetMotivated,socialskills,61.0
GetMotivated,IWantToLearn,40.0
GetMotivated,howtonotgiveafuck,46.0
AskCulinary,AskMen,41.0
AskCulinary,AskWomen,39.0
AskCulinary,Frugal,63.0
AskCulinary,Cooking,133.0
AskCulinary,food,88.0
AskCulinary,LifeProTips,45.0
AskCulinary,FoodPorn,63.0
AskCulinary,BuyItForLife,40.0
AskCulinary,DIY,47.0
AskCulinary,recipes,82.0
AskCulinary,EatCheapAndHealthy,38.0
running,sex,37.0
running,xxfitness,60.0
lifehacks,sex,58.0
lifehacks,pettyrevenge,42.0
recipes,sex,37.0
recipes,slowcooking,51.0
ainbow,gaybros,99.0
ainbow,gaymers,79.0
ainbow,lgbt,118.0
lgbt,sex,49.0
catpictures,cats,117.0
self,sex,106.0
EatCheapAndHealthy,TwoXChromosomes,45.0
EatCheapAndHealthy,Fitness,46.0
EatCheapAndHealthy,Frugal,110.0
EatCheapAndHealthy,personalfinance,37.0
EatCheapAndHealthy,TrollXChromosomes,45.0
EatCheapAndHealthy,MakeupAddiction,38.0
EatCheapAndHealthy,loseit,58.0
EatCheapAndHealthy,food,58.0
EatCheapAndHealthy,LifeProTips,58.0
EatCheapAndHealthy,femalefashionadvice,37.0
EatCheapAndHealthy,recipes,43.0
EatCheapAndHealthy,slowcooking,43.0
EatCheapAndHealthy,budgetfood,64.0
EatCheapAndHealthy,fitmeals,38.0
Parenting,TwoXChromosomes,110.0
Parenting,sex,89.0
Parenting,relationships,95.0
Parenting,relationship_advice,46.0
Parenting,personalfinance,49.0
Parenting,loseit,60.0
Parenting,confession,54.0
Parenting,offmychest,73.0
Parenting,recipes,36.0
Parenting,self,50.0
Parenting,daddit,72.0
Parenting,gardening,37.0
childfree,sex,94.0
childfree,relationships,84.0
childfree,loseit,49.0
childfree,confession,40.0
childfree,offmychest,89.0
childfree,creepyPMs,48.0
childfree,pettyrevenge,71.0
childfree,fatpeoplestories,81.0
childfree,dogs,40.0
CampingandHiking,Frugal,37.0
CampingandHiking,DIY,36.0
CampingandHiking,backpacking,101.0
CampingandHiking,camping,99.0
CampingandHiking,travel,42.0
CampingandHiking,Survival,47.0
backpacking,camping,55.0
backpacking,travel,45.0
ProRevenge,TalesFromRetail,44.0
ProRevenge,pettyrevenge,95.0
minimalism,personalfinance,48.0
minimalism,simpleliving,42.0
OkCupid,malefashionadvice,38.0
OkCupid,TwoXChromosomes,43.0
OkCupid,sex,93.0
OkCupid,relationships,64.0
OkCupid,relationship_advice,42.0
OkCupid,offmychest,42.0
OkCupid,creepyPMs,38.0
OkCupid,seduction,38.0
BDSMcommunity,sex,91.0
BDSMcommunity,bdsm,64.0
seduction,sex,83.0
seduction,socialskills,65.0
dogpictures,dogs,84.0
dogs,sex,39.0
dogs,offmychest,49.0
dogs,food,36.0
depression,sex,35.0
depression,relationships,46.0
depression,offmychest,83.0
vegan,vegetarian,83.0
LetsNotMeet,relationships,38.0
LetsNotMeet,offmychest,35.0
LetsNotMeet,creepyPMs,45.0
LetsNotMeet,TalesFromRetail,44.0
LetsNotMeet,nosleep,81.0
nosleep,sex,43.0
nosleep,offmychest,41.0
nosleep,shortscarystories,54.0
HomeImprovement,personalfinance,37.0
somethingimade,woodworking,36.0
budgetfood,recipes,45.0
budgetfood,slowcooking,38.0
EDC,malefashionadvice,43.0
EDC,minimalism,36.0
EDC,knives,72.0
EDC,Survival,40.0
fitmeals,xxfitness,39.0
everymanshouldknow,malefashionadvice,51.0
everymanshouldknow,personalfinance,37.0
getdisciplined,socialskills,57.0
getdisciplined,howtonotgiveafuck,35.0
DecidingToBeBetter,GetMotivated,54.0
DecidingToBeBetter,getdisciplined,69.0
NoFap,TheRedPill,46.0
NoFap,seduction,58.0
NoFap,getdisciplined,47.0
NoFap,howtonotgiveafuck,44.0
ArtisanVideos,Cooking,35.0
ArtisanVideos,DIY,43.0
ArtisanVideos,woodworking,47.0
AdvancedFitness,Fitness,62.0
AdvancedFitness,weightroom,45.0
jobs,personalfinance,60.0
gardening,homestead,44.0
Anxiety,offmychest,39.0
Anxiety,depression,60.0
Glitch_in_the_Matrix,nosleep,47.0
Glitch_in_the_Matrix,Paranormal,59.0
Glitch_in_the_Matrix,Thetruthishere,47.0
Paranormal,nosleep,38.0
Paranormal,Thetruthishere,54.0
eatsandwiches,food,48.0
IWantToLearn,LifeProTips,51.0
IWantToLearn,self,35.0
Paleo,loseit,50.0
Paleo,keto,51.0
Paleo,crossfit,36.0
actuallesbians,ainbow,39.0
actuallesbians,lgbt,53.0
TinyHouses,minimalism,41.0
TinyHouses,homestead,36.0
Pets,TwoXChromosomes,35.0
Pets,cats,42.0
Pets,dogs,52.0
Watches,malefashionadvice,51.0
Baking,TwoXChromosomes,38.0
Baking,Cooking,43.0
Baking,food,49.0
Baking,FoodPorn,36.0
ladybonersgw,sex,48.0
Survival,camping,42.0
Feminism,TwoXChromosomes,45.0
howtonotgiveafuck,seduction,45.0
howtonotgiveafuck,socialskills,39.0
BeautyDiagrams,MakeupAddiction,45.0
happy,offmychest,38.0
happy,self,44.0
AMA,sex,42.0
AMA,offmychest,36.0
AMA,self,39.0
tattoo,tattoos,43.0
Pizza,food,42.0
ABraThatFits,AskWomen,38.0
ABraThatFits,MakeupAddiction,42.0
introvert,socialskills,38.0
VegRecipes,vegetarian,40.0
IWantOut,travel,40.0
ForeverAlone,depression,39.0
Coffee,malefashionadvice,38.0
Coffee,Frugal,40.0
Coffee,Cooking,35.0
dating_advice,relationships,39.0
Anticonsumption,minimalism,38.0
ADHD,TwoXChromosomes,36.0
ADHD,sex,35.0
